{
  "version": 1,
  "author": "Priyadharshini H",
  "editor": "wokwi",
  "parts": [
    { "type": "wokwi-esp32-devkit-v1", "id": "esp", "top": 33.5, "left": -5, "attrs": {} },
    {
      "type": "wokwi-pushbutton",
      "id": "btn1",
      "top": -70.6,
      "left": -19.2,
      "attrs": { "color": "blue" }
    },
    {
      "type": "wokwi-pushbutton",
      "id": "btn2",
      "top": -70.6,
      "left": 230.4,
      "attrs": { "color": "red" }
    },
    {
      "type": "wokwi-pushbutton",
      "id": "btn3",
      "top": -70.6,
      "left": 105.6,
      "attrs": { "color": "green" }
    },
    {
      "type": "board-ssd1306",
      "id": "oled1",
      "top": 108.74,
      "left": 153.83,
      "attrs": { "i2cAddress": "0x3c" }
    }
  ],
  "connections": [
    [ "esp:TX0", "$serialMonitor:RX", "", [] ],
    [ "esp:RX0", "$serialMonitor:TX", "", [] ],
    [ "oled1:GND", "esp:GND.1", "black", [ "h-48", "v124.9" ] ],
    [ "oled1:VCC", "esp:3V3", "red", [ "h-47.85", "v76.8" ] ],
    [ "oled1:SCL", "esp:D22", "green", [ "h0.3", "v9.9" ] ],
    [ "oled1:SDA", "esp:D21", "green", [ "h0.07", "v19.6" ] ],
    [ "btn1:2.r", "btn3:2.r", "green", [ "h0" ] ],
    [ "btn3:2.r", "btn2:2.r", "green", [ "h0" ] ],
    [ "btn1:2.r", "esp:GND.2", "green", [ "v29", "h-105.4", "v192.1" ] ],
    [ "btn1:1.r", "esp:D13", "green", [ "h-86.2", "v230.6" ] ],
    [ "btn3:1.r", "esp:D12", "green", [ "v76.8", "h-201.4", "v144.7" ] ],
    [ "btn2:1.r", "esp:D14", "green", [ "v86.4", "h-316.6", "v124.7" ] ]
  ],
  "dependencies": {}
}